date,Confirmed,Deaths,Recovered,Active,FIPS,Incident_Rate,UID,Testing_Rate,People_Tested,Mortality_Rate,vaccine,total_vaccinations,people_vaccinated,people_fully_vaccinated
2020-04-12,555461,22363,183399.72439759035,533142.0,1813.0,132.09655664785717,76500069.08928572,939.9562051884642,2820915.0,3.23376154417857,0,0.0,0.0,0.0
2020-04-13,559705,23441,182836.72439759035,536688.0,1810.0,139.01311784697833,76363706.49090908,994.3097731019211,2753715.0,3.3351021110425534,0,0.0,0.0,0.0
2020-04-14,628793,26725,187639.72439759035,704483.0,1834.0,153.04429015265663,76631647.03508772,1037.7531955838485,3294669.0,3.4247672109099168,0,0.0,0.0,0.0
2020-04-15,636665,28718,189850.72439759035,608157.0,1822.0,152.15620606544124,76500069.08928572,1091.8538195967533,3260993.0,3.561394168129876,0,0.0,0.0,0.0
2020-04-16,667979,33279,194013.72439759035,635024.0,1822.0,160.0633165388965,76500069.08928572,1137.003934533173,3419905.0,3.672137386924328,0,0.0,0.0,0.0
2020-04-17,700027,37154,196745.72439759035,663081.0,1822.0,168.93508475310276,76500069.08928572,1188.1317328648686,3561060.0,3.7959965975460355,0,0.0,0.0,0.0
2020-04-18,732508,39053,205003.72439759035,693686.0,1822.0,177.57537288458997,76500069.08928572,1236.3732084378182,3711374.0,3.845018250513418,0,0.0,0.0,0.0
2020-04-19,759340,41088,208249.72439759035,718583.0,1822.0,184.70813637147506,76500069.08928572,1290.0918238823856,3886220.0,3.852248936708192,0,0.0,0.0,0.0
2020-04-20,784677,42583,209647.72439759035,742392.0,1822.0,191.93424531767897,76500069.08928572,1345.0054564270365,4023596.0,3.8938419444543593,0,0.0,0.0,0.0
2020-04-21,812420,44904,215715.41050870146,767549.8,1822.0,199.78273054120595,76500069.08928572,1395.2329272272495,4177485.0,4.018988534419288,0,0.0,0.0,0.0
2020-04-22,840909,47093,221506.09661981263,793695.6,1822.0,208.05667183762543,76500069.08928572,1459.5573868184051,4491224.0,4.118067951898212,0,0.0,0.0,0.0
2020-04-24,869704,50417,225922.78273092367,819285.4,1822.0,217.10641702345842,76500069.08928572,1518.7743639829098,4686193.0,4.189947348632045,0,0.0,0.0,0.0
2020-04-25,905904,52438,231306.46884203475,853422.2,1822.0,226.93432914161954,76500069.08928572,1617.8593202654615,4967372.0,4.231924333461937,0,0.0,0.0,0.0
2020-04-26,938865,54250,237146.90495314592,884406.0,1822.0,236.01110957807077,76500069.08928572,1702.0358850055618,5213327.0,4.236252295365928,0,0.0,0.0,0.0
2020-04-27,966171,55441,237753.94106425703,910877.8,1822.0,244.38309984937285,76500069.08928572,1785.13829336426,5469579.0,4.26043268512683,0,0.0,0.0,0.0
2020-04-28,988751,56864,239838.97717536814,931775.6,1822.0,250.81519223422268,76500069.08928572,1837.3741705705895,5621780.0,4.27403289023592,0,0.0,0.0,0.0
2020-04-29,1013265,58945,267092.0132864792,954140.4,1822.0,258.19286249298233,76500069.08928572,1902.3824751748252,5827555.0,4.323275713944433,0,0.0,0.0,0.0
2020-04-30,1040773,61450,267948.9243975904,978824.2,1822.0,265.6608317940566,76500069.08928572,1994.907412291492,6061223.0,4.38793970602604,0,0.0,0.0,0.0
2020-05-01,1070251,63352,153947.0,852332.0,1822.0,274.74816656104196,76500069.08928572,2081.0158289683036,6268338.0,4.413024304018962,0,0.0,0.0,0.0
2020-05-02,1104473,65314,164015.0,874354.0,1822.0,285.59412484292164,76500069.08928572,2192.8781233811055,6590922.0,4.411104204318874,0,0.0,0.0,0.0
2020-05-03,1133360,66894,175382.0,890639.0,1822.0,294.1868588557963,76500069.08928572,2285.7858532231908,6858524.0,4.395404617950345,0,0.0,0.0,0.0
2020-05-04,1158619,68270,180152.0,910057.0,1822.0,301.60959889442785,76500069.08928572,2380.51112248974,7099759.0,4.38717599603485,0,0.0,0.0,0.0
2020-05-05,1181054,69549,187180.0,924124.0,1822.0,308.49029392843323,76500069.08928572,2449.232728023162,7329860.0,4.365720792864841,0,0.0,0.0,0.0
2020-05-06,1205208,71625,198986.68084517057,943347.0,1822.0,315.61221001570794,76500069.08928572,2543.7762766256665,7592741.0,4.423354401183604,0,0.0,0.0,0.0
2020-05-07,1229579,73829,207595.36169034115,965113.0,1822.0,323.4051882572235,76500069.08928572,2634.015825295544,7811536.0,4.463564209523031,0,0.0,0.0,0.0
2020-05-08,1257956,76056,221564.04253551172,986176.0,1822.0,332.6759597311261,76500069.08928572,2738.6421268531676,8145430.0,4.490024816321338,0,0.0,0.0,0.0
2020-05-09,1284967,77583,234363.72338068223,1007607.0,1822.0,341.63996002305237,76500069.08928572,2853.7242544706605,8448259.0,4.494111980641779,0,0.0,0.0,0.0
2020-05-10,1310847,79184,256747.40422585284,1018072.0,1822.0,349.41266869839336,76500069.08928572,2949.984950388665,8748367.0,4.487637889223924,0,0.0,0.0,0.0
2020-05-11,1330460,79986,269225.0850710234,1033416.0,1822.0,355.3364280939851,76500069.08928572,3038.624218537961,9030543.0,4.4651176637477965,0,0.0,0.0,0.0
2020-05-12,1348783,81177,285516.76591619395,1034317.0,1822.0,361.442543755566,76500069.08928572,3167.9113829423295,9415815.0,4.454042303286839,0,0.0,0.0,0.0
2020-05-13,1371039,82846,298453.8039042217,1056762.0,1822.0,367.75054945271313,76500069.08928572,3267.7755583613875,9708676.0,4.51515016604948,0,0.0,0.0,0.0
2020-05-14,1391762,84557,311294.8418922494,1062708.0,1822.0,374.3642267261991,76500069.08928572,3373.277699720618,10049878.0,4.543588248787361,0,0.0,0.0,0.0
2020-05-15,1418775,86343,321819.3798802771,1085313.0,1822.0,357.39398163144995,76500069.08928572,3209.3942581214883,10419428.0,4.550757677785177,0,0.0,0.0,0.0
2020-05-16,1443892,87970,333692.9178683048,1104398.0,1822.0,364.4281543402315,76500069.08928572,3327.0387322035313,10799417.0,4.556501207385826,0,0.0,0.0,0.0
2020-05-17,1468951,89180,358862.45585633256,1110541.0,1822.0,371.85776908572865,76500069.08928572,3422.516288411465,11162971.0,4.52651060403066,0,0.0,0.0,0.0
2020-05-18,1488022,90040,370291.9938443603,1124781.0,1822.0,377.0048861843794,76500069.08928572,3541.42298027306,11593276.0,4.511724127075423,0,0.0,0.0,0.0
2020-05-19,1509716,90879,388745.5318323879,1134634.0,1822.0,383.3361870484458,76500069.08928572,3632.526787441846,11928420.0,4.495530796538289,0,0.0,0.0,0.0
2020-05-20,1530122,92358,402500.0698204157,1147106.0,1822.0,389.10390358850793,76500069.08928572,3768.5651803018322,12333815.0,4.514945350888606,0,0.0,0.0,0.0
2020-05-21,1553202,93857,414960.60780844337,1163953.0,1822.0,396.23080551083666,76500069.08928572,3894.186869685221,12761856.0,4.53591522042851,0,0.0,0.0,0.0
2020-05-22,1578673,95082,426607.14579647104,1183878.0,1822.0,403.7890950890818,76500069.08928572,4025.475648909705,13164370.0,4.523796556508418,0,0.0,0.0,0.0
2020-05-23,1602586,96334,440146.6837844988,1154674.0,1822.0,410.7919588939655,76500069.08928572,4153.635968027761,13512530.0,4.513774783219213,0,0.0,0.0,0.0
2020-05-24,1623938,97417,456251.33288363763,1164137.0,1822.0,416.4819658523348,76500069.08928572,4274.183989358946,13904418.0,4.505413198678126,0,0.0,0.0,0.0
2020-05-25,1644395,98060,466748.9819827765,1178641.0,1822.0,422.8013944378817,76500069.08928572,4392.550970613072,14288251.0,4.4700259505512845,0,0.0,0.0,0.0
2020-05-26,1663424,98594,484170.6310819153,1184776.0,1822.0,427.81985952630055,76500069.08928572,4469.159398029218,14730142.0,4.450470647360086,0,0.0,0.0,0.0
2020-05-27,1682333,99289,494916.2801810541,1196949.0,1822.0,432.73414033043883,76500069.08928572,4562.016870459734,15033557.0,4.445179193868559,0,0.0,0.0,0.0
2020-05-28,1700806,100749,506522.9292801929,1207101.0,1822.0,437.9717217792625,76500069.08928572,4667.909454935997,15325265.0,4.466404716017483,0,0.0,0.0,0.0
2020-05-29,1723438,101871,520006.5783793316,1219997.0,1822.0,443.9525300310341,76500069.08928572,4804.907239409676,15782469.0,4.475876499825897,0,0.0,0.0,0.0
2020-05-30,1747861,103042,531462.2274784705,1236615.0,1822.0,450.5206737822834,76500069.08928572,4941.36352599565,16240170.0,4.4737863151948885,0,0.0,0.0,0.0
2020-05-31,1772083,104014,546477.8765776093,1249779.0,1822.0,457.25880971088776,76500069.08928572,5076.673340546105,16642272.0,4.466917252262882,0,0.0,0.0,0.0
2020-06-01,1791644,104645,558071.5256767482,1240884.0,1822.0,462.52860103874576,76500069.08928572,5191.559985971793,17086794.0,4.439436782937634,0,0.0,0.0,0.0
2020-06-02,1812459,105410,575741.3229240351,1247491.0,1822.0,468.3376852655853,76500069.08928572,5306.523004630636,17492947.0,4.41544225670811,0,0.0,0.0,0.0
2020-06-03,1833710,106361,585575.1201713221,1261624.0,1822.0,473.71726596166656,76500069.08928572,5443.552840183032,17914102.0,4.413691955124302,0,0.0,0.0,0.0
2020-06-04,1853612,107363,598418.9174186091,1264938.0,1822.0,479.0283996103613,76500069.08928572,5573.812830381817,18384969.0,5.447647609076658,0,0.0,0.0,0.0
2020-06-05,1874974,108391,608134.9479992294,1279298.0,1822.0,485.0180122538075,76500069.08928572,5710.9050050876895,18852369.0,5.336072768050742,0,0.0,0.0,0.0
2020-06-06,1905233,109526,618810.9785798497,1301404.0,1822.0,491.43098898186645,76500069.08928572,5872.65528542024,19403888.0,5.330632600171713,0,0.0,0.0,0.0
2020-06-07,1928006,110230,631926.00916047,1314683.0,1822.0,497.446754460406,76500069.08928572,6018.251210516612,19961685.0,5.3735102527523235,0,0.0,0.0,0.0
2020-06-08,1946242,110689,641416.0397410903,1326838.0,1822.0,503.0308311264118,76500069.08928572,6149.700644628557,20415909.0,5.429212458414781,0,0.0,0.0,0.0
2020-06-09,1963952,111156,657543.0703217105,1331746.0,1822.0,508.03809159355166,76500069.08928572,6274.683629142077,20795991.0,4.281367627103221,0,0.0,0.0,0.0
2020-06-10,1982199,112111,667848.100902331,1342491.0,1822.0,512.8061740294257,76500069.08928572,6397.473546314887,21240928.0,4.278839758785048,0,0.0,0.0,0.0
2020-06-11,2003800,113011,680469.1314829512,1353887.0,1822.0,518.2126978010873,76500069.08928572,6523.338569762585,21672657.0,4.272191518716553,0,0.0,0.0,0.0
2020-06-12,2026557,113872,691229.1620635715,1369086.0,1822.0,524.0019303579703,76500069.08928572,6647.14789791374,22146787.0,4.26651485788446,0,0.0,0.0,0.0
2020-06-13,2052329,114721,702295.1926441919,1386782.0,1822.0,530.9486273522691,76500069.08928572,6823.476691969741,22747457.0,4.245285073994981,0,0.0,0.0,0.0
2020-06-14,2078105,115459,715487.2232248121,1402335.0,1822.0,537.4570269884416,76500069.08928572,6967.885357542487,23272706.0,4.21773973697355,0,0.0,0.0,0.0
2020-06-15,2097319,115784,724669.2538054324,1416361.0,1822.0,542.2711061688948,76500069.08928572,7094.861573719295,23769510.0,4.194677977705231,0,0.0,0.0,0.0
2020-06-16,2117207,116174,743159.2843860528,1421416.0,1822.0,547.3725278662595,76500069.08928572,7236.379143210211,24220547.0,4.1709299261396735,0,0.0,0.0,0.0
2020-06-17,2140966,116989,754300.314966673,1437116.0,1822.0,552.7469201609945,76500069.08928572,7368.7170900695855,24697280.0,4.162282369489377,0,0.0,0.0,0.0
2020-06-18,2167881,117739,766960.3455472934,1453233.0,1822.0,558.9263530529331,76500069.08928572,7513.732595044762,25195027.0,4.147010329570896,0,0.0,0.0,0.0
2020-06-19,2195993,118428,777856.3761279136,1473356.0,1822.0,565.3081739532788,76500069.08928572,7646.402043881343,25667961.0,4.12849194815201,0,0.0,0.0,0.0
2020-06-20,2227811,119087,789428.406708534,1496591.0,1822.0,572.5506063357681,76500069.08928572,7811.280634165733,26259398.0,4.107294920004654,0,0.0,0.0,0.0
2020-06-21,2260622,119651,804145.4372891543,1517791.0,1822.0,580.2702079167669,76500069.08928572,7972.007837231102,26856308.0,4.070943756424951,0,0.0,0.0,0.0
2020-06-22,2285890,119930,812790.4678697744,1539031.0,1822.0,585.979498319418,76500069.08928572,8063.943004919637,27376519.0,4.035533366026979,0,0.0,0.0,0.0
2020-06-23,2318507,120371,834827.4984503947,1551553.0,1822.0,593.3661273420857,76500069.08928572,8194.026763010046,27845612.0,4.00615972065905,0,0.0,0.0,0.0
2020-06-24,2354714,121100,846149.5290310151,1578097.0,1822.0,600.5545704532386,76500069.08928572,8336.520998199785,28372437.0,4.003895051466821,0,0.0,0.0,0.0
2020-06-25,2390816,121842,858734.5596116354,1603203.0,1822.0,608.1454254374305,76500069.08928572,8471.952768437986,28893867.0,3.9812274356332376,0,0.0,0.0,0.0
2020-06-26,2431375,124256,870107.5901922557,1634178.0,1822.0,618.4049702060993,76500069.08928572,8662.295546483023,29547009.0,3.9545432171770556,0,0.0,0.0,0.0
2020-06-27,2477317,124891,881326.620772876,1671557.0,1822.0,628.0419278824123,76500069.08928572,8828.320486970682,30163522.0,3.926486427736109,0,0.0,0.0,0.0
2020-06-28,2518996,125393,893797.6513534964,1705155.0,1822.0,637.5675640883512,76500069.08928572,8979.93436557376,30780640.0,3.8960389589227824,0,0.0,0.0,0.0
2020-06-29,2559894,125698,903625.6819341166,1737880.0,1822.0,645.9661151343744,76500069.08928572,9126.6047979983,31356958.0,3.8603459879689903,0,0.0,0.0,0.0
2020-06-30,2601476,126038,927636.7125147369,1759159.0,1822.0,655.0810767320545,76500069.08928572,9298.249238150107,31938294.0,3.8277493741198048,0,0.0,0.0,0.0
2020-07-01,2646680,127254,947036.7430953573,1787220.0,1822.0,664.9469774449514,76500069.08928572,9485.107281965493,32595753.0,3.8043609729769075,0,0.0,0.0,0.0
2020-07-02,2698130,127908,960371.7736759776,1828053.0,1822.0,675.7330427016359,76500069.08928572,9647.3753844853,33230747.0,3.7629144161076065,0,0.0,0.0,0.0
2020-07-03,2753259,128606,977332.8042565978,1829020.0,1822.0,687.8303647681969,76500069.08928572,9822.606515146323,33885475.0,3.7203519573048522,0,0.0,0.0,0.0
2020-07-04,2806386,129280,989078.0382270487,1874166.0,1822.0,700.8753596174519,76500069.08928572,10028.022208938313,34650061.0,3.6789013843686553,0,0.0,0.0,0.0
2020-07-05,2851630,129561,1003153.2721974995,1815286.0,1822.0,711.188182859504,76500069.08928572,10185.118179575884,35305577.0,3.6364256578166203,0,0.0,0.0,0.0
2020-07-06,2901526,129867,1017375.3422335241,1851776.0,1822.0,721.1198194990972,76500069.08928572,10323.355977023744,35956121.0,3.6043880799189276,0,0.0,0.0,0.0
2020-07-07,2947842,130223,1036544.4122695486,1881495.0,1822.0,731.4652721791747,76500069.08928572,10461.879065012365,36472778.0,3.5676764433160635,0,0.0,0.0,0.0
2020-07-08,3008548,131366,1050656.4823055733,1927993.0,1822.0,743.5205435409581,76500069.08928572,10782.921769291761,37342721.0,3.552406325722988,0,0.0,0.0,0.0
2020-07-09,3068218,132162,1069426.5523415979,1968788.0,1822.0,756.1845935453309,76500069.08928572,10868.412139136757,37914818.0,3.523684147067732,0,0.0,0.0,0.0
2020-07-10,3130556,133160,1086859.6223776224,2015396.0,1822.0,769.9871870928401,76500069.08928572,11032.906339562984,38534871.0,3.4870741506667247,0,0.0,0.0,0.0
2020-07-11,3198709,133954,1102717.692413647,2067147.0,1822.0,785.2818115723785,76500069.08928572,11302.163803703641,39436907.0,3.4544256963778497,0,0.0,0.0,0.0
2020-07-12,3258744,134672,1116892.7624496715,2115423.0,1822.0,799.347105454998,76500069.08928572,11436.675859486846,40084871.0,3.4145016343321393,0,0.0,0.0,0.0
2020-07-13,3317383,135110,1129426.8324856963,2163262.0,1822.0,812.0524406151169,76500069.08928572,11606.026548232945,40819224.0,3.379183830625309,0,0.0,0.0,0.0
2020-07-14,3376063,135541,1156823.9025217206,2196503.0,1822.0,825.049632311595,76500069.08928572,11803.109156577359,41547187.0,3.351059467867454,0,0.0,0.0,0.0
2020-07-15,3444597,136448,1175766.9725577454,2245861.0,1822.0,839.4608246255032,76500069.08928572,11997.557895878921,42315540.0,3.3184075094037317,0,0.0,0.0,0.0
2020-07-16,3512664,137396,1204335.04259377,2284409.0,1822.0,854.9835552372581,76500069.08928572,12222.830831802305,43091046.0,3.286943217101526,0,0.0,0.0,0.0
2020-07-17,3588358,138351,1220882.1126297945,2347005.0,1822.0,871.5090708254614,76500069.08928572,12451.64555677242,43938152.0,3.260593542049317,0,0.0,0.0,0.0
2020-07-18,3660499,139250,1239225.182665819,2401096.0,1822.0,888.0751123105659,76500069.08928572,12682.347550328308,44802585.0,3.2352837882177674,0,0.0,0.0,0.0
2020-07-19,3724039,140110,1256525.2527018436,2448425.0,1822.0,902.5732645863275,76500069.08928572,12867.911765990648,45586847.0,3.213968129890181,0,0.0,0.0,0.0
2020-07-20,3785206,140538,1266710.3227378684,2501456.0,1822.0,917.0488808687054,76500069.08928572,13065.1980429332,46360533.0,3.185761609160457,0,0.0,0.0,0.0
2020-07-21,3846731,140958,1297460.3927738927,2533528.0,1822.0,930.6104879570408,76500069.08928572,13288.770227440353,47100794.0,3.1590856488487686,0,0.0,0.0,0.0
2020-07-22,3911713,142034,1321175.4628099175,2575049.0,1822.0,946.1145958360552,76500069.08928572,13494.740881683052,47867653.0,3.1413838613538685,0,0.0,0.0,0.0
2020-07-23,3982015,143232,1351790.5328459418,2615897.0,1822.0,962.1889523528325,76500069.08928572,13763.733785666303,48683847.0,3.1327424400943147,0,0.0,0.0,0.0
2020-07-24,4050184,144343,1375994.6028819666,2661026.0,1822.0,978.109625684731,76500069.08928572,13942.954653520306,49474939.0,3.1144839814457517,0,0.0,0.0,0.0
2020-07-25,4124444,145546,1406133.672917991,2705212.0,1822.0,996.3754248758765,76500069.08928572,14268.543081216167,50528628.0,3.0984025909771433,0,0.0,0.0,0.0
2020-07-26,4188683,146481,1425707.7429540157,2751998.0,1822.0,1011.0822311602425,76500069.08928572,14487.35274621654,51330193.0,3.0735322131872467,0,0.0,0.0,0.0
2020-07-27,4244920,147016,1445940.8129900403,2788976.0,1822.0,1026.2356630182207,76500069.08928572,14694.070763639018,52196158.0,3.048065903372,0,0.0,0.0,0.0
2020-07-28,4301579,148133,1475665.8830260648,2816372.0,1822.0,1040.7864543456005,76500069.08928572,14912.412372378236,52958758.0,3.028983068776842,0,0.0,0.0,0.0
2020-07-29,4368355,149406,1507008.9530620894,2851384.0,1822.0,1055.3590967533316,76500069.08928572,15123.773297372309,53706013.0,3.022967922524382,0,0.0,0.0,0.0
2020-07-30,4439907,150801,1542855.0230981142,2886695.0,1822.0,1071.9524352590984,76500069.08928572,15368.285732273753,54558621.0,3.0125553596983083,0,0.0,0.0,0.0
2020-07-31,4507846,152156,1569369.0931341385,2928656.0,1822.0,1088.1770152803367,76500069.08928572,15577.190511872672,55399442.0,3.001638558283134,0,0.0,0.0,0.0
2020-08-01,4576523,153403,1595158.1631701633,2970415.0,1822.0,1104.5991252363963,76500069.08928572,15762.467747338875,56121028.0,2.989397810187,0,0.0,0.0,0.0
2020-08-02,4633744,154521,1620667.2332061878,3003963.0,1822.0,1119.172048698802,76500069.08928572,15963.482156141501,56842701.0,2.97239541403926,0,0.0,0.0,0.0
2020-08-03,4679698,154959,1629255.3032422122,3044257.0,1822.0,1131.5512253795296,76500069.08928572,16144.163173812205,57579498.0,2.954270033193219,0,0.0,0.0,0.0
2020-08-04,4726022,155544,1675796.373278237,3044543.0,1822.0,1143.9673967768656,76500069.08928572,16361.870390957072,58316170.0,2.936280526695587,0,0.0,0.0,0.0
2020-08-05,4785233,156909,1693113.4433142615,3085151.0,1822.0,1158.3266302124034,76500069.08928572,16558.877909784856,59031499.0,2.9279766187955967,0,0.0,0.0,0.0
2020-08-06,4839050,158319,1743769.513350286,3087640.0,1822.0,1172.0612002941566,76500069.08928572,16765.069713343873,59721329.0,2.9203083939197447,0,0.0,0.0,0.0
2020-08-07,4898553,160159,1766326.5833863108,3124705.0,1822.0,1186.6425461709714,76500069.08928572,16974.9403936761,60465845.0,2.9164114464198887,0,0.0,0.0,0.0
2020-08-08,4958156,161398,1793356.6534223352,3156389.0,1822.0,1201.9903979665482,76500069.08928572,17195.148337478036,61242722.0,2.9086573454205746,0,0.0,0.0,0.0
2020-08-09,5013150,162465,1814388.7234583597,3192239.0,1822.0,1215.5776047159793,76500069.08928572,17373.25995701341,61918166.0,2.8998990477221147,0,0.0,0.0,0.0
2020-08-10,5059989,163025,1829918.7934943845,3224913.0,1822.0,1227.392256895877,76500069.08928572,17564.70222712165,62639684.0,2.8871393169441597,0,0.0,0.0,0.0
2020-08-11,5107656,163606,1845593.8635304088,3260033.0,1822.0,1238.3081888926752,76500069.08928572,17757.028960528485,63368282.0,2.8746918179775713,0,0.0,0.0,0.0
2020-08-12,5155942,164635,1891582.9335664338,3261562.0,1822.0,1250.4790269950167,76500069.08928572,17964.02252233755,64124049.0,2.871604202057969,0,0.0,0.0,0.0
2020-08-13,5211517,166126,1932167.0036024582,3277468.0,1822.0,1263.9414799887224,76500069.08928572,18118.978220511173,64609566.0,2.8685003859354383,0,0.0,0.0,0.0
2020-08-14,5262741,167196,1954839.0736384827,3307051.0,1822.0,1278.045123732091,76500069.08928572,18395.24450791264,65743141.0,2.8571955799942965,0,0.0,0.0,0.0
2020-08-15,5328087,168537,1978301.1436745075,3348325.0,1822.0,1294.0336749535952,76500069.08928572,18635.0129683008,66603715.0,2.8427109126923717,0,0.0,0.0,0.0
2020-08-16,5375747,169542,2002286.2137105318,3373008.0,1822.0,1306.3434155154048,76500069.08928572,18821.9453968408,67365411.0,2.8353616596466513,0,0.0,0.0,0.0
2020-08-17,5415702,170147,2018610.2837465564,3399945.0,1822.0,1316.3179029282703,76500069.08928572,19022.33048244728,68149382.0,2.826706092099055,0,0.0,0.0,0.0
2020-08-18,5451800,170633,2052907.3537825812,3402099.0,1822.0,1326.7183362523324,76500069.08928572,19575.28561464225,69008884.0,2.80807534335118,0,0.0,0.0,0.0
2020-08-19,5496959,171901,2087270.4238186055,3413259.0,1822.0,1336.9666897964291,76500069.08928572,19766.389678375002,69678980.0,2.8098155919420904,0,0.0,0.0,0.0
2020-08-20,5543646,173220,2115944.4938546303,3431449.0,1822.0,1349.8680686498622,76500069.08928572,19957.73456415753,70363955.0,2.811715702121565,0,0.0,0.0,0.0
2020-08-21,5587431,174312,2139714.5638906546,3452408.0,1822.0,1363.8207926400726,76500069.08928572,20155.842852066828,71045330.0,2.8108801783999966,0,0.0,0.0,0.0
2020-08-22,5636885,175398,2159519.6339266794,3481965.0,1822.0,1378.962787359473,76500069.08928572,20396.798851423282,71832548.0,2.8055842117176355,0,0.0,0.0,0.0
2020-08-23,5680546,176382,2181731.703962704,3505126.0,1822.0,1391.353942855394,76500069.08928572,20600.49765498265,72600555.0,2.7987626290197105,0,0.0,0.0,0.0
2020-08-24,5715046,176873,2195792.7739987285,3526967.0,1822.0,1400.0008976924566,76500069.08928572,20756.31206751357,73231931.0,2.792080741738406,0,0.0,0.0,0.0
2020-08-25,5752153,177349,2220589.844034753,3541549.0,1822.0,1412.8774868406783,76500069.08928572,21038.840358743877,73944892.0,2.7815538532674675,0,0.0,0.0,0.0
2020-08-26,5792181,178577,2255298.9140707776,3545376.0,1822.0,1423.726839749391,76500069.08928572,21230.745594679407,74614469.0,2.7860620224950665,0,0.0,0.0,0.0
2020-08-27,5835945,179754,2287848.9841068024,3557497.0,1822.0,1437.5393860676722,76500069.08928572,21516.111575637646,75648850.0,2.7906199794053754,0,0.0,0.0,0.0
2020-08-28,5881433,180865,2306494.054142827,3585486.0,1822.0,1454.092698458728,76500069.08928572,21776.967979503235,76422400.0,2.782932219374678,0,0.0,0.0,0.0
2020-08-29,5928690,181824,2325319.1241788515,3613625.0,1822.0,1468.8190889157165,76500069.08928572,22018.592833358067,77225085.0,2.777301141837781,0,0.0,0.0,0.0
2020-08-30,5972694,182726,2349350.194214876,3637696.0,1822.0,1483.621193857138,76500069.08928572,22238.56520837265,78005349.0,2.769680617931299,0,0.0,0.0,0.0
2020-08-31,6007112,183185,2364459.2642509006,3659277.0,1822.0,1494.4348909980638,76500069.08928572,22421.11631874514,78755875.0,2.757894217025051,0,0.0,0.0,0.0
2020-09-01,6044801,183681,2397129.3342869254,3662016.0,1822.0,1504.975450666942,76500069.08928572,22647.459459394955,79463846.0,2.7502446604846518,0,0.0,0.0,0.0
2020-09-02,6087366,184725,2416751.4043229497,3686364.0,1822.0,1516.9283792347394,76500069.08928572,22880.58345825068,80195633.0,2.7519537157404663,0,0.0,0.0,0.0
2020-09-03,6127475,185790,2447629.474358974,3695884.0,1822.0,1529.1073660947145,76500069.08928572,23059.523290055356,80867879.0,2.7524711200535017,0,0.0,0.0,0.0
2020-09-04,6164335,186820,2484613.544394999,3696120.0,1822.0,1541.6087574117776,76500069.08928572,23293.94674335313,81623405.0,2.7558207781371684,0,0.0,0.0,0.0
2020-09-05,6215195,187768,2502894.6144310236,3729160.0,1822.0,1556.6065395501755,76500069.08928572,23562.026743589748,82550034.0,2.750703815115678,0,0.0,0.0,0.0
2020-09-06,6258657,188563,2523411.6844670484,3754096.0,1822.0,1569.5244277227687,76500069.08928572,23779.394441938373,83369220.0,2.74358094885334,0,0.0,0.0,0.0
2020-09-07,6290233,189001,2539003.7545030727,3771280.0,1822.0,1579.2693823851728,76500069.08928572,23952.72137584793,84116153.0,2.738283552363232,0,0.0,0.0,0.0
2020-09-08,6314359,189289,2558343.824539097,3777714.0,1822.0,1587.2097789507964,76500069.08928572,24102.086736292833,84712888.0,2.7288983558012974,0,0.0,0.0,0.0
2020-09-09,6341565,189739,2585687.894575122,3778096.0,1822.0,1596.0560273779029,76500069.08928572,24298.782858387447,85258430.0,2.729016564030158,0,0.0,0.0,0.0
2020-09-10,6376131,190912,2615839.9646111466,3782778.0,1822.0,1607.0302453638362,76500069.08928572,24487.503030822838,85879405.0,2.7344053016915386,0,0.0,0.0,0.0
2020-09-11,6411037,191809,2633656.034647171,3800613.0,1822.0,1618.5868383616792,76500069.08928572,24709.05459451507,86539972.0,2.7328869579602633,0,0.0,0.0,0.0
2020-09-12,6458997,192977,2649807.1046831957,3832737.0,1822.0,1633.3564414642472,76500069.08928572,25875.411026027163,88615576.0,2.727982347923867,0,0.0,0.0,0.0
2020-09-13,6500712,193703,2668371.17471922,3856714.0,1822.0,1646.7573943732198,76500069.08928572,26133.949431675057,89459428.0,2.7215863632184467,0,0.0,0.0,0.0
2020-09-14,6534860,194123,2686903.244755245,3873947.0,1822.0,1657.59172983514,76500069.08928572,26334.635838293714,90250515.0,2.7139430864035474,0,0.0,0.0,0.0
2020-09-15,6569607,194559,2711851.3147912696,3884859.0,1822.0,1668.5226733536526,76500069.08928572,26607.014249414504,91034584.0,2.707543924488435,0,0.0,0.0,0.0
2020-09-16,6609094,195765,2734192.384827294,3902449.0,1822.0,1685.2728280829483,76500069.08928572,26799.00190159132,91438786.0,2.7116439876301057,0,0.0,0.0,0.0
2020-09-17,6647445,196713,2766422.4548633182,3908118.0,1822.0,1693.053617521355,76500069.08928572,27010.745426884183,92175959.0,2.714778326600133,0,0.0,0.0,0.0
2020-09-18,6692868,197576,2782967.524899343,3937221.0,1822.0,1707.7590593047826,76500069.08928572,27279.80564186237,93019683.0,2.708748563233609,0,0.0,0.0,0.0
2020-09-19,6742299,198488,2800882.594935368,3968749.0,1822.0,1725.2929355050248,76500069.08928572,27938.665341257267,94648490.0,2.7024147268282035,0,0.0,0.0,0.0
2020-09-20,6785150,199205,2823647.6649713926,3991242.0,1822.0,1738.875209330481,76500069.08928572,28221.645085959928,95732790.0,2.6923854338194713,0,0.0,0.0,0.0
2020-09-21,6824603,199463,2838656.735007417,4014485.0,1822.0,1751.5591498422273,76500069.08928572,28458.331724971173,96637905.0,2.6822343211824586,0,0.0,0.0,0.0
2020-09-22,6876686,199892,2865718.8050434412,4040921.0,1822.0,1764.4945887126864,76500069.08928572,28687.117690739164,97381187.0,2.675781282255783,0,0.0,0.0,0.0
2020-09-23,6916921,200924,2898512.875079466,4048324.0,1822.0,1777.2477184084564,76500069.08928572,28909.63317081717,98179511.0,2.6736672564869948,0,0.0,0.0,0.0
2020-09-24,6954720,201974,2923593.945115491,4061259.0,1822.0,1791.7506470517205,76500069.08928572,29200.049922467802,99050456.0,2.670072937520883,0,0.0,0.0,0.0
2020-09-25,7002251,202876,2965305.015151515,4064528.0,1822.0,1807.9068921166268,76500069.08928572,29508.232866655224,100097454.0,2.663409515676224,0,0.0,0.0,0.0
2020-09-26,7055336,203804,2984241.08518754,4101478.0,1822.0,1826.4550765031534,76500069.08928572,29830.06817309249,101134150.0,2.6587930634693824,0,0.0,0.0,0.0
2020-09-27,7100605,204575,3009149.1552235642,4122991.0,1822.0,1842.2470208686266,76500069.08928572,30092.2179998392,102164744.0,2.6504696570008064,0,0.0,0.0,0.0
2020-09-28,7139006,204878,3026754.225259589,4143823.0,1822.0,1854.8958678588829,76500069.08928572,30307.805985968425,102984849.0,2.6419221697939395,0,0.0,0.0,0.0
2020-09-29,7172407,205225,3056866.295295614,4148216.0,1822.0,1867.3623629536044,76500069.08928572,30638.238685128363,104038422.0,2.6331218301737835,0,0.0,0.0,0.0
2020-09-30,7216620,206098,3077347.365331638,4170790.0,1822.0,1882.78028302306,76500069.08928572,30899.2626427705,104879633.0,2.633960251832312,0,0.0,0.0,0.0
2020-10-01,7257342,207049,3106514.4353676625,4185273.0,1822.0,1897.8106472235224,76500069.08928572,31152.92785892745,105691281.0,2.6298280132623444,0,0.0,0.0,0.0
2020-10-02,7303054,207923,3128260.5054036872,4209202.0,1822.0,1914.29613574949,76500069.08928572,31456.55245628665,106620649.0,2.6227318923121055,0,0.0,0.0,0.0
2020-10-03,7358177,208763,3142763.575439712,4250082.0,1822.0,1933.051909590765,76500069.08928572,31822.60596355769,107770501.0,2.6119902252402745,0,0.0,0.0,0.0
2020-10-04,7407151,209453,3168500.645475737,4275486.0,1822.0,1951.1540418637633,76500069.08928572,32064.56004644643,108788132.0,2.604338248654274,0,0.0,0.0,0.0
2020-10-05,7443033,209831,3184661.7155117607,4296276.0,1822.0,1964.8963626082516,76500069.08928572,32291.093513249867,109721267.0,2.5960901095915077,0,0.0,0.0,0.0
2020-10-06,7482857,210305,3209888.7855477855,4311930.0,1822.0,1978.9725317319783,76500069.08928572,32646.856954228475,110689305.0,2.5861167208652653,0,0.0,0.0,0.0
2020-10-07,7528239,211000,3228920.8555838102,4335916.0,1822.0,1995.8893437177308,76500069.08928572,32886.24593472994,111534141.0,2.5787945497174407,0,0.0,0.0,0.0
2020-10-08,7578229,211911,3255863.925619835,4337837.0,1822.0,2013.9787335656686,76500069.08928572,33337.667240729075,113007693.0,2.5747507714173468,0,0.0,0.0,0.0
2020-10-09,7636983,212895,3278861.752066116,4371710.0,1822.0,2034.908473677042,76500069.08928572,33673.57902987841,114074708.0,2.5656673925583413,0,0.0,0.0,0.0
2020-10-10,7693604,213856,3298339.5785123967,4410303.0,1822.0,2057.0936611609586,76500069.08928572,34166.53329757326,115337625.0,2.5573587389508354,0,0.0,0.0,0.0
2020-10-11,7748752,214504,3323874.4049586775,4440430.0,1822.0,2078.6932922836004,76500069.08928572,34493.577389472564,116504708.0,2.5463711704394933,0,0.0,0.0,0.0
2020-10-12,7794634,214949,3337609.2314049588,4472552.0,1822.0,2094.9533332565607,76500069.08928572,34745.35322366554,117463768.0,2.535968238613035,0,0.0,0.0,0.0
2020-10-13,7837018,215335,3370901.0578512396,4482237.0,1822.0,2112.351102590032,76500069.08928572,35037.918948115126,118479708.0,2.5234794933988143,0,0.0,0.0,0.0
2020-10-14,7889416,216137,3390406.884297521,4515976.0,1822.0,2131.73409140658,76500069.08928572,35406.197181701806,119443288.0,2.5154334924948385,0,0.0,0.0,0.0
2020-10-15,7949093,217124,3423248.7107438017,4543284.0,1822.0,2154.5643133717826,76500069.08928572,35709.02291662635,120483353.0,2.5102052096988285,0,0.0,0.0,0.0
2020-10-16,8014187,217970,3446492.5371900825,4584471.0,1822.0,2178.9965258815637,76500069.08928572,36039.551904917855,121526152.0,2.4981433527706565,0,0.0,0.0,0.0
2020-10-17,8083458,218888,3468275.3636363638,4632602.0,1822.0,2206.608853331904,76500069.08928572,36997.754214123546,124846120.0,2.486243982464015,0,0.0,0.0,0.0
2020-10-18,8140210,219627,3492950.1900826446,4666376.0,1822.0,2227.723931409836,76500069.08928572,37307.26482052632,126045273.0,2.4732887028782606,0,0.0,0.0,0.0
2020-10-19,8189734,220076,3508156.016528926,4700633.0,1822.0,2245.2239889582506,76500069.08928572,37576.652067764764,127026424.0,2.4644272388929176,0,0.0,0.0,0.0
2020-10-20,8257874,220544,3548261.8429752067,4720110.0,1822.0,2269.8792546836,76500069.08928572,38015.22260822736,128278968.0,2.44929169474394,0,0.0,0.0,0.0
2020-10-21,8320062,221468,3572447.6694214875,4756947.0,1822.0,2293.8697726418895,76500069.08928572,38291.3455759624,129223657.0,2.4417563548888284,0,0.0,0.0,0.0
2020-10-22,8382716,222627,3602294.4958677683,4790352.0,1822.0,2317.5738163450546,76500069.08928572,38587.657943481274,130141618.0,2.438059732928228,0,0.0,0.0,0.0
2020-10-23,8459174,223498,3633637.3223140496,4831465.0,1822.0,2345.219022614647,76500069.08928572,38944.57181453947,131319246.0,2.4281464196604317,0,0.0,0.0,0.0
2020-10-24,8541865,224454,3657649.148760331,4891908.0,1822.0,2378.2961833957115,76500069.08928572,39342.10867333303,132634089.0,2.41387241307021,0,0.0,0.0,0.0
2020-10-25,8624820,225387,3690518.9752066117,4943483.0,1822.0,2406.460981870536,76500069.08928572,39652.62350119958,133878339.0,2.401523565900909,0,0.0,0.0,0.0
2020-10-26,8687448,225812,3708381.8016528925,4987710.0,1822.0,2430.8340585147803,76500069.08928572,39949.56636712736,135011204.0,2.388430395306728,0,0.0,0.0,0.0
2020-10-27,8755117,226323,3747599.6280991733,5016440.0,1822.0,2457.4960478638236,76500069.08928572,40373.4716112631,136207566.0,2.3728602430554155,0,0.0,0.0,0.0
2020-10-28,8833070,227311,3776451.4545454546,5062926.0,1822.0,2488.361506858222,76500069.08928572,40989.639907091325,140955915.0,2.361762181707153,0,0.0,0.0,0.0
2020-10-29,8911864,228342,3808566.280991736,5110439.0,1822.0,2517.5350949989797,76500069.08928572,41313.77308876301,142051125.0,2.35251608430393,0,0.0,0.0,0.0
2020-10-30,9003418,229352,3846403.1074380167,5161793.0,1822.0,2551.753274700619,76500069.08928572,43200.42186869343,145247358.0,2.340808446570091,0,0.0,0.0,0.0
2020-10-31,9102911,230400,3872159.9338842975,5235968.0,1822.0,2591.6628933763664,76500069.08928572,44195.560439947876,147406623.0,2.3266183417326767,0,0.0,0.0,0.0
2020-11-01,9192732,231327,3907826.7603305783,5290160.0,1822.0,2624.1158163073856,76500069.08928572,44600.127742107084,148802618.0,2.315095621485551,0,0.0,0.0,0.0
2020-11-02,9297777,231813,3927568.5867768596,5345252.0,1822.0,2653.6332211177496,76500069.08928572,44899.844540283244,149891300.0,2.299784547393792,0,0.0,0.0,0.0
2020-11-03,9383727,232348,3973611.4132231404,5384382.0,1822.0,2685.0564851981203,76500069.08928572,45413.56888532687,151327526.0,2.2825037003600714,0,0.0,0.0,0.0
2020-11-04,9511333,233941,4005401.2396694217,5444718.0,1822.0,2720.767846325924,76500069.08928572,45751.83001578901,152500376.0,2.2704566214190387,0,0.0,0.0,0.0
2020-11-05,9615319,235092,4045439.0661157025,5508055.0,1822.0,2758.649759571105,76500069.08928572,46135.22800878236,153769158.0,2.2603031975353063,0,0.0,0.0,0.0
2020-11-06,9744775,236254,4085303.8925619833,5590509.0,1822.0,2804.6324647690585,76500069.08928572,46949.23212679999,155358831.0,2.2419496500769993,0,0.0,0.0,0.0
2020-11-07,9873056,237512,4115984.7190082646,5686803.0,1822.0,2855.6347434937816,76500069.08928572,47447.497696648315,156946597.0,2.2239538984873333,0,0.0,0.0,0.0
2020-11-08,10000758,238613,4158299.5454545454,5773501.0,1822.0,2899.6294341255234,76500069.08928572,47694.75778137798,158310125.0,2.209739174907036,0,0.0,0.0,0.0
2020-11-09,10124914,239173,4189966.3719008267,5848945.0,1822.0,2941.5582549297906,76500069.08928572,48095.458301536,159458776.0,2.190583364646069,0,0.0,0.0,0.0
2020-11-10,10202960,239950,4238961.1983471075,5943609.0,1822.0,2984.3638550838577,76500069.08928572,48233.889156357,159458776.0,2.190583364646069,0,0.0,0.0,0.0
2020-11-11,10348290,241411,4273630.024793388,6054167.0,1822.0,3035.9235351658303,76500069.08928572,48782.0982806516,159458776.0,2.190583364646069,0,0.0,0.0,0.0
2020-11-12,10494815,242901,4310572.851239669,6161562.0,1822.0,3087.951468953903,76500069.08928572,49195.83278439438,159458776.0,2.190583364646069,0,0.0,0.0,0.0
2020-11-13,10659749,244268,4366294.67768595,6265990.0,1822.0,3148.26881640395,76500069.08928572,49748.314109734354,159458776.0,2.190583364646069,0,0.0,0.0,0.0
2020-11-14,10840138,245467,4411825.504132232,6397708.0,1822.0,3213.3621648828425,76500069.08928572,50254.29845867101,159458776.0,2.190583364646069,0,0.0,0.0,0.0
2020-11-15,11007862,246813,4466764.3305785125,6509699.0,1822.0,3274.2519399073985,76500069.08928572,50760.58072472866,159458776.0,2.190583364646069,0,0.0,0.0,0.0
2020-11-16,11143927,247587,4505424.157024793,6607630.0,1822.0,3318.4132836044955,76500069.08928572,51164.89744096318,159458776.0,2.190583364646069,0,0.0,0.0,0.0
2020-11-17,11306815,248412,4566412.983471074,6703463.0,1822.0,3380.193368607378,76500069.08928572,51728.370423932836,159458776.0,2.190583364646069,0,0.0,0.0,0.0
2020-11-18,11470678,250129,4616882.809917355,6814861.0,1822.0,3433.3647158831786,76500069.08928572,52190.84016671043,159458776.0,2.190583364646069,0,0.0,0.0,0.0
2020-11-19,11643744,252065,4675672.636363637,6926025.0,1822.0,3492.6443773797655,76500069.08928572,53281.41491578486,159458776.0,2.190583364646069,0,0.0,0.0,0.0
2020-11-20,11835217,254104,4739933.4628099175,7051923.0,1822.0,3556.8630454702584,76500069.08928572,53640.66883716646,159458776.0,2.190583364646069,0,0.0,0.0,0.0
2020-11-21,12034008,256061,4788795.289256198,7198366.0,1822.0,3632.098557512677,76500069.08928572,54227.76654508071,159458776.0,2.190583364646069,0,0.0,0.0,0.0
2020-11-22,12213257,257675,4862206.115702479,7302700.0,1822.0,3688.226001774357,76500069.08928572,54807.189168815195,159458776.0,2.190583364646069,0,0.0,0.0,0.0
2020-11-23,12359962,258705,4860659.94214876,7463405.0,1822.0,3737.5961199006456,76500069.08928572,55299.33977216216,159458776.0,2.190583364646069,0,0.0,0.0,0.0
2020-11-24,12534359,259802,4969387.768595042,7524619.0,1822.0,3798.163473056604,76500069.08928572,55945.27893111162,159458776.0,2.190583364646069,0,0.0,0.0,0.0
2020-11-25,12709823,261930,5034092.5950413225,7634425.0,1822.0,3850.470662923812,76500069.08928572,56449.54782646089,159458776.0,2.190583364646069,0,0.0,0.0,0.0
2020-11-26,12893313,264193,5175025.421487603,7674326.0,1822.0,3912.5012538257556,76500069.08928572,57664.644106432665,159458776.0,2.190583364646069,0,0.0,0.0,0.0
2020-11-27,13005593,265577,5211913.247933884,7748458.0,1822.0,3949.587013749874,76500069.08928572,58024.127878867446,159458776.0,2.190583364646069,0,0.0,0.0,0.0
2020-11-28,13213823,267128,5289797.074380165,7876368.0,1822.0,4017.510357261486,76500069.08928572,58710.771523559946,159458776.0,2.190583364646069,0,0.0,0.0,0.0
2020-11-29,13369339,268486,5367054.900826447,7955158.0,1822.0,4065.9512571137493,76500069.08928572,59135.14155934072,159458776.0,2.190583364646069,0,0.0,0.0,0.0
2020-11-30,13509538,269522,5410662.7272727275,8051268.0,1822.0,4109.132873374762,76500069.08928572,59510.24836287549,159458776.0,2.190583364646069,0,0.0,0.0,0.0
2020-12-01,13670158,270868,5493592.553719008,8126708.0,1822.0,4162.681426872127,76500069.08928572,60125.78047127665,159458776.0,2.190583364646069,0,0.0,0.0,0.0
2020-12-02,13858375,273414,5575495.380165289,8223932.0,1822.0,4216.842744760193,76500069.08928572,60548.58515169163,159458776.0,2.190583364646069,0,0.0,0.0,0.0
2020-12-03,14060930,276233,5672683.20661157,8325651.0,1822.0,4280.473099474176,76500069.08928572,60960.92751779394,159458776.0,2.190583364646069,0,0.0,0.0,0.0
2020-12-04,14284540,279183,5756214.033057852,8459085.0,1822.0,4349.086659331297,76500069.08928572,61567.87715541087,159458776.0,2.190583364646069,0,0.0,0.0,0.0
2020-12-05,14517325,281861,5824225.859504132,8617992.0,1822.0,4421.560846452447,76500069.08928572,62559.69144798183,159458776.0,2.190583364646069,0,0.0,0.0,0.0
2020-12-06,14732871,284206,5931503.685950413,8723976.0,1822.0,4481.764019075305,76500069.08928572,63174.91759415545,159458776.0,2.190583364646069,0,0.0,0.0,0.0
2020-12-07,14913882,285556,5981562.512396694,8850108.0,1822.0,4530.773087300275,76500069.08928572,63603.76559817866,159458776.0,2.190583364646069,0,0.0,0.0,0.0
2020-12-08,15108743,287169,6073316.338842975,8950890.0,1822.0,4593.856926863447,76500069.08928572,64252.58617061458,159458776.0,2.190583364646069,0,0.0,0.0,0.0
2020-12-09,15333233,289796,6147315.165289257,9091846.0,1822.0,4651.897791233306,76500069.08928572,64679.7332284982,159458776.0,2.190583364646069,0,0.0,0.0,0.0
2020-12-10,15555768,292973,6251936.991735537,9207144.0,1822.0,4724.159924870408,76500069.08928572,65204.973453215454,159458776.0,2.190583364646069,0,0.0,0.0,0.0
2020-12-11,15787284,295965,6348728.818181818,9333677.0,1822.0,4785.95051118838,76500069.08928572,66217.84222765984,159458776.0,2.190583364646069,0,0.0,0.0,0.0
2020-12-12,16027260,299380,6500636.644628099,9411876.0,1822.0,4854.518937432893,76500069.08928572,66418.70795742865,159458776.0,2.190583364646069,0,0.0,0.0,0.0
2020-12-13,16244645,301836,6613568.47107438,9517727.0,1822.0,4912.54600181092,76500069.08928572,66913.00959742157,159458776.0,2.190583364646069,0,0.0,0.0,0.0
2020-12-14,16432449,303462,6666686.297520662,9655820.0,1822.0,4962.143224225571,76500069.08928572,67351.03125403049,159458776.0,2.190583364646069,0,0.0,0.0,0.0
2020-12-15,16626161,305118,6769776.123966942,9819303.0,1822.0,5024.7152071301925,76500069.08928572,67997.8237182454,159458776.0,2.190583364646069,0,0.0,0.0,0.0
2020-12-16,16836265,308218,6862764.950413223,9921976.0,1822.0,5075.8277199888025,76500069.08928572,68493.46507056757,159458776.0,2.190583364646069,0,0.0,0.0,0.0
2020-12-17,17082909,311939,6971187.776859504,10058941.0,1822.0,5136.937858944213,76500069.08928572,69018.8019355097,159458776.0,2.190583364646069,0,0.0,0.0,0.0
2020-12-18,17322587,315402,7056818.603305785,10214148.0,1822.0,5200.060792408244,76500069.08928572,69577.01972790174,159458776.0,2.190583364646069,0,0.0,0.0,0.0
2020-12-19,17574522,318343,7132968.429752067,10389399.0,1822.0,5266.3741126552495,76500069.08928572,70030.72665485388,159458776.0,2.190583364646069,0,0.0,0.0,0.0
2020-12-20,17766416,320994,7261445.256198347,10456287.0,1822.0,5314.400420603552,76500069.08928572,70627.67412473526,159458776.0,2.190583364646069,Pfizer/BioNTech,556208.0,556208.0,0.0
2020-12-21,17954162,322704,7315246.082644628,10591717.0,1822.0,5360.341229748893,76500069.08928572,71040.91265097774,159458776.0,2.190583364646069,Pfizer/BioNTech,614117.0,614117.0,0.0
2020-12-22,18153261,324642,7425544.909090909,10671882.0,1822.0,5409.791554812502,76500069.08928572,71650.01816909063,159458776.0,2.190583364646069,Pfizer/BioNTech,614117.0,614117.0,0.0
2020-12-23,18351328,328034,7510398.73553719,10780301.0,1822.0,5459.52762617846,76500069.08928572,72104.18228741059,159458776.0,2.190583364646069,"Moderna, Pfizer/BioNTech",1008025.0,1008025.0,0.0
2020-12-24,18580889,331453,7619895.561983472,10897217.0,1822.0,5518.008169718089,76500069.08928572,72612.10369092107,159458776.0,2.190583364646069,"Moderna, Pfizer/BioNTech",1008025.0,1008025.0,0.0
2020-12-25,18775055,334363,7724347.388429752,10983588.0,1822.0,5565.444279685909,76500069.08928572,73120.61202556486,159458776.0,2.190583364646069,"Moderna, Pfizer/BioNTech",1008025.0,1008025.0,0.0
2020-12-26,18872670,335763,7750574.214876033,11063685.0,1822.0,5591.058653519672,76500069.08928572,73363.14725664878,159458776.0,2.190583364646069,"Moderna, Pfizer/BioNTech",1944585.0,1944585.0,0.0
2020-12-27,19098973,337642,7863547.041322314,11176964.0,1822.0,5639.954623643738,76500069.08928572,73897.2109995887,159458776.0,2.190583364646069,"Moderna, Pfizer/BioNTech",1944585.0,1944585.0,0.0
2020-12-28,19254607,339072,7921999.867768595,11269035.0,1822.0,5673.648066383171,76500069.08928572,74215.32196253246,159458776.0,2.190583364646069,"Moderna, Pfizer/BioNTech",2127143.0,2127143.0,0.0
2020-12-29,19429258,341075,7996476.694214876,11363298.0,1822.0,5722.579841930003,76500069.08928572,74779.12275106717,159458776.0,2.190583364646069,"Moderna, Pfizer/BioNTech",2127143.0,2127143.0,0.0
2020-12-30,19629449,344704,8096867.520661157,11516207.0,1822.0,5781.016357137964,76500069.08928572,75108.10823585208,159458776.0,2.190583364646069,"Moderna, Pfizer/BioNTech",2794588.0,2794588.0,0.0
2020-12-31,19863083,348433,8204068.347107438,11590437.0,1822.0,5833.962904660116,76500069.08928572,75621.20880537515,159458776.0,2.190583364646069,"Moderna, Pfizer/BioNTech",2794588.0,2794588.0,0.0
2021-01-01,20098648,351880,8317452.173553719,11702888.0,1822.0,5892.683738550955,76500069.08928572,76111.28061197563,159458776.0,2.190583364646069,"Moderna, Pfizer/BioNTech",2794588.0,2794588.0,0.0
2021-01-02,20252158,354034,8347891.0,11435565.0,1822.0,5929.684842970068,76500069.08928572,76378.85212025903,159458776.0,2.190583364646069,"Moderna, Pfizer/BioNTech",4225756.0,4225756.0,0.0
2021-01-03,20552574,356537,8491745.0,11983884.0,1822.0,5998.559423229142,76500069.08928572,76901.66475314289,159458776.0,2.190583364646069,"Moderna, Pfizer/BioNTech",4225756.0,4225756.0,0.0
2021-01-04,20761315,357978,8535410.0,12149304.0,1822.0,6050.3702927680215,76500069.08928572,77223.9323415952,159458776.0,2.190583364646069,"Moderna, Pfizer/BioNTech",4563260.0,4563260.0,0.0
2021-01-05,20945614,360076,8699497.0,12163791.0,1822.0,6102.05078658887,76500069.08928572,77723.44292013571,159458776.0,2.190583364646069,"Moderna, Pfizer/BioNTech",4836469.0,4836469.0,0.0
2021-01-06,21180662,363767,8777631.0,12310937.0,1822.0,6157.736456713138,76500069.08928572,78200.66808501363,159458776.0,2.190583364646069,"Moderna, Pfizer/BioNTech",5306797.0,5306797.0,0.0
2021-01-07,21436051,367696,8875207.0,12462641.0,1822.0,6225.782499651745,76500069.08928572,78652.2153401552,159458776.0,2.190583364646069,"Moderna, Pfizer/BioNTech",5919418.0,5919418.0,0.0
2021-01-08,21714116,371662,8988320.0,12625563.0,1822.0,6294.537316068735,76500069.08928572,79265.6610872179,159458776.0,2.190583364646069,"Moderna, Pfizer/BioNTech",6688231.0,6688231.0,0.0
2021-01-09,22007363,375753,9062369.0,12831262.0,1822.0,6370.331512864234,76500069.08928572,79916.10050445562,159458776.0,2.190583364646069,"Moderna, Pfizer/BioNTech",6688231.0,6688231.0,0.0
2021-01-10,22270020,379086,9166318.0,12997432.0,1822.0,6430.400914819048,76500069.08928572,80374.41279738978,159458776.0,2.190583364646069,"Moderna, Pfizer/BioNTech",6688231.0,6688231.0,0.0
2021-01-11,22483288,381085,9208341.0,13226093.0,1822.0,6492.024596581549,76500069.08928572,80787.34845248076,159458776.0,2.190583364646069,"Moderna, Pfizer/BioNTech",8987322.0,8987322.0,0.0
2021-01-12,22698270,383181,9325210.0,13316207.0,1822.0,6544.939757543109,76500069.08928572,81395.74229027548,159458776.0,2.190583364646069,"Moderna, Pfizer/BioNTech",9327138.0,9327138.0,0.0
2021-01-13,22925224,387658,9409361.0,13457102.0,1822.0,6597.89677485899,76500069.08928572,81866.99062490823,159458776.0,2.190583364646069,"Moderna, Pfizer/BioNTech",10278462.0,38920395.86746988,0.0
2021-01-14,23155573,391684,9500475.0,13591639.0,1822.0,6657.316707852928,76500069.08928572,82360.54661275937,159458776.0,2.190583364646069,"Moderna, Pfizer/BioNTech",11148991.0,9690757.0,1342086.0
2021-01-15,23391187,395657,9621558.0,13702482.0,1822.0,6713.598509723452,76500069.08928572,82937.23086077298,159458776.0,2.190583364646069,"Moderna, Pfizer/BioNTech",12279180.0,10595866.0,1610524.0
2021-01-16,23633935,399555,9683264.0,13879965.0,1822.0,6771.827532738479,76500069.08928572,83553.0511768629,159458776.0,2.190583364646069,"Moderna, Pfizer/BioNTech",12279180.0,10595866.0,1610524.0
2021-01-17,23835574,402983,9763007.0,13999628.0,1822.0,6819.348595486744,76500069.08928572,84047.68593075138,159458776.0,2.190583364646069,"Moderna, Pfizer/BioNTech",12279180.0,10595866.0,1610524.0
2021-01-18,24013367,404851,9805164.0,14133640.0,1822.0,6862.697631275169,76500069.08928572,84472.1742544589,159458776.0,2.190583364646069,"Moderna, Pfizer/BioNTech",12279180.0,10595866.0,1610524.0
2021-01-19,24156758,406365,9884103.0,14195297.0,1822.0,6896.913416342968,76500069.08928572,85060.97617575874,159458776.0,2.190583364646069,"Moderna, Pfizer/BioNTech",15707588.0,13595803.0,2023124.0
2021-01-20,24333496,409096,10011202.0,14257888.0,1822.0,6939.32018693269,76500069.08928572,85613.66460932499,159458776.0,2.190583364646069,"Moderna, Pfizer/BioNTech",16525281.0,14270441.0,2161419.0
2021-01-21,24516700,413502,10131457.0,14318578.0,1822.0,6986.962072209846,76500069.08928572,86107.12530878633,159458776.0,2.190583364646069,"Moderna, Pfizer/BioNTech",17546374.0,15053257.0,2394961.0
2021-01-22,24710450,417683,10205967.0,14455081.0,1822.0,7034.677920455321,76500069.08928572,86693.55366432117,159458776.0,2.190583364646069,"Moderna, Pfizer/BioNTech",19107959.0,16243093.0,2756953.0
2021-01-23,24901127,421516,10309630.0,14541551.0,1822.0,7084.108279349394,76500069.08928572,87276.76439808052,159458776.0,2.190583364646069,"Moderna, Pfizer/BioNTech",20537990.0,17390345.0,3027865.0
2021-01-24,25071749,424859,10380593.0,14639906.0,1822.0,7124.830442822605,76500069.08928572,87738.00030058077,159458776.0,2.190583364646069,"Moderna, Pfizer/BioNTech",21848655.0,18502131.0,3216836.0
2021-01-25,25202780,426755,10421678.0,14729583.0,1822.0,7156.918831228825,76500069.08928572,88129.00339323732,159458776.0,2.190583364646069,"Moderna, Pfizer/BioNTech",22734243.0,19252279.0,3346390.0
2021-01-26,25354749,428726,10543636.0,14775769.0,1822.0,7195.066455297908,76500069.08928572,88664.28148992719,159458776.0,2.190583364646069,"Moderna, Pfizer/BioNTech",23540994.0,19902237.0,3481921.0
2021-01-27,25502319,432759,10617429.0,14844529.0,1822.0,7229.340591029783,76500069.08928572,89191.53173033288,159458776.0,2.190583364646069,"Moderna, Pfizer/BioNTech",24652634.0,20687970.0,3801053.0
2021-01-28,25655558,436713,10717875.0,14894466.0,1822.0,7269.571402532807,76500069.08928572,89684.15378006986,159458776.0,2.190583364646069,"Moderna, Pfizer/BioNTech",26193682.0,21698606.0,4263056.0
2021-01-29,25824818,440738,10842065.0,14934896.0,1822.0,7309.4049174388665,76500069.08928572,90357.64930328015,159458776.0,2.190583364646069,"Moderna, Pfizer/BioNTech",27884661.0,22858318.0,4780888.0
2021-01-30,25991312,444350,10905178.0,15034292.0,1822.0,7350.656910906267,76500069.08928572,90881.45685909367,159458776.0,2.190583364646069,"Moderna, Pfizer/BioNTech",29577902.0,24064165.0,5259693.0
2021-01-31,26133634,447120,10988726.0,15090104.0,1822.0,7382.704103734852,76500069.08928572,91384.01603778997,159458776.0,2.190583364646069,"Moderna, Pfizer/BioNTech",31123299.0,25201143.0,5657142.0
2021-02-01,26245653,448961,11029731.0,15159201.0,1822.0,7409.626271811126,76500069.08928572,91759.00502906693,159458776.0,2.190583364646069,"Moderna, Pfizer/BioNTech",32222402.0,26023153.0,5927847.0
2021-02-02,26380826,451009,11136477.0,15184763.0,1822.0,7440.021022785639,76500069.08928572,92352.1565818692,159458776.0,2.190583364646069,"Moderna, Pfizer/BioNTech",32780860.0,26440836.0,6064792.0
2021-02-03,26496159,454483,11194491.0,15237656.0,1822.0,7465.923964740345,76500069.08928572,92616.37589716476,159458776.0,2.190583364646069,"Moderna, Pfizer/BioNTech",33878254.0,27154956.0,6436931.0
2021-02-04,26617770,458364,11282584.0,15267120.0,1822.0,7497.407773380131,76500069.08928572,93731.7641889963,159458776.0,2.190583364646069,"Moderna, Pfizer/BioNTech",35203710.0,27905197.0,6926050.0
2021-02-05,26741694,462108,11415372.0,15252436.0,1822.0,7528.911460302583,76500069.08928572,94253.78886336184,159458776.0,2.190583364646069,"Moderna, Pfizer/BioNTech",36819212.0,28909497.0,7503864.0
2021-02-06,26876056,465731,11474406.0,15323286.0,1822.0,7562.762567508527,76500069.08928572,94814.3896321383,159458776.0,2.190583364646069,"Moderna, Pfizer/BioNTech",39037964.0,30250964.0,8317180.0
2021-02-07,26980043,468331,11552899.0,15346194.0,1822.0,7587.7742230855065,76500069.08928572,95248.14532836126,159458776.0,2.190583364646069,"Moderna, Pfizer/BioNTech",41210937.0,31579100.0,9147185.0
2021-02-08,27069702,469698,11587447.0,15444865.0,1822.0,7608.489960624443,76500069.08928572,95605.8398941662,159458776.0,2.190583364646069,"Moderna, Pfizer/BioNTech",42417617.0,32340146.0,9518015.0
2021-02-09,27160045,471305,11671036.0,15404462.0,1822.0,7632.9875845532315,76500069.08928572,96151.2029731104,159458776.0,2.190583364646069,"Moderna, Pfizer/BioNTech",43206190.0,32867213.0,9840429.0
2021-02-10,27255665,474379,11743708.0,15424019.0,1822.0,7655.582221814847,76500069.08928572,96547.65748297176,159458776.0,2.190583364646069,"Moderna, Pfizer/BioNTech",44769970.0,33783384.0,10469514.0
2021-02-11,27350804,477704,11859344.0,15399723.0,1822.0,7679.404958890068,76500069.08928572,96612.12264686903,159458776.0,2.190583364646069,"Moderna, Pfizer/BioNTech",46390270.0,34723964.0,11188782.0
2021-02-12,27456501,480883,11934617.0,15425926.0,1822.0,7705.9725040715175,76500069.08928572,97187.9181199326,159458776.0,2.190583364646069,"Moderna, Pfizer/BioNTech",48410558.0,35834855.0,12085830.0
2021-02-13,27556110,483798,11991751.0,15462860.0,1822.0,7731.6718729933755,76500069.08928572,97698.42366099835,159458776.0,2.190583364646069,"Moderna, Pfizer/BioNTech",50641884.0,37056122.0,13082172.0
2021-02-14,27643229,485987,12054664.0,15479907.0,1822.0,7752.312199981554,76500069.08928572,98090.75935284517,159458776.0,2.190583364646069,"Moderna, Pfizer/BioNTech",52884356.0,38292270.0,14077440.0
2021-02-15,27708249,487115,12085722.0,15512699.0,1822.0,7768.277804393524,76500069.08928572,98400.97944708995,159458776.0,2.190583364646069,"Moderna, Pfizer/BioNTech",52884356.0,38292270.0,14077440.0
2021-02-16,27762443,488066,12167403.0,15483912.0,1822.0,7784.075027155129,76500069.08928572,98776.91472813496,159458776.0,2.190583364646069,"Moderna, Pfizer/BioNTech",55220364.0,39670551.0,15015434.0
2021-02-17,27825167,489796,12214261.0,15497757.0,1822.0,7800.590946858977,76500069.08928572,99073.27674501513,159458776.0,2.190583364646069,"Moderna, Pfizer/BioNTech",56281827.0,40268009.0,15471536.0
2021-02-18,27895271,492204,12271654.0,15508093.0,1822.0,7818.916194760963,76500069.08928572,99528.86116009399,159458776.0,2.190583364646069,"Moderna, Pfizer/BioNTech",57737767.0,41021049.0,16162358.0
2021-02-19,27964827,494677,12345053.0,15501364.0,1822.0,7837.874828203234,76500069.08928572,99947.76024820938,159458776.0,2.190583364646069,"Moderna, Pfizer/BioNTech",59585043.0,41977401.0,17039118.0
2021-02-20,28044422,497328,12380029.0,15573752.0,1822.0,7874.493139882466,76500069.08928572,100436.92677996129,159458776.0,2.190583364646069,"Moderna, Pfizer/BioNTech",61289500.0,42809595.0,17895667.0
2021-02-21,28115936,499126,12447687.0,15575760.0,1822.0,7891.510169281036,76500069.08928572,100753.70391719867,159458776.0,2.190583364646069,"Moderna, Pfizer/BioNTech",63090634.0,43628092.0,18865319.0
2021-02-22,28172987,500339,12469587.0,15609106.0,1822.0,7905.167311364486,76500069.08928572,101051.7657259265,159458776.0,2.190583364646069,"Moderna, Pfizer/BioNTech",64177474.0,44138118.0,19438495.0
2021-02-23,28229210,501638,12530638.0,15612486.0,1822.0,7921.242763303455,76500069.08928572,101509.97812397005,159458776.0,2.190583364646069,"Moderna, Pfizer/BioNTech",65032083.0,44544969.0,19882544.0
2021-02-24,28301465,503907,12578891.0,17271290.0,1822.0,7938.386578251947,76500069.08928572,101642.38401307724,159458776.0,2.190583364646069,"Moderna, Pfizer/BioNTech",66464947.0,45237143.0,20607261.0
2021-02-25,28376165,507079,12646156.0,17275297.0,1822.0,7958.954428296192,76500069.08928572,102087.97280229081,159458776.0,2.190583364646069,"Moderna, Pfizer/BioNTech",68274117.0,46074392.0,21555117.0
2021-02-26,28453660,509444,12703127.0,17293200.0,1822.0,7979.602198347243,76500069.08928572,102626.52645113584,159458776.0,2.190583364646069,"Moderna, Pfizer/BioNTech",70454064.0,47184199.0,22613359.0
2021-02-27,28530589,511551,12734583.0,17336384.0,1822.0,7999.079450741817,76500069.08928572,103145.19947804247,159458776.0,2.190583364646069,"Moderna, Pfizer/BioNTech",72806180.0,48435536.0,23698627.0
2021-02-28,28594981,513056,12787695.0,17346022.0,1822.0,8015.374957769571,76500069.08928572,103570.9155142946,159458776.0,2.190583364646069,"Moderna, Pfizer/BioNTech",75236003.0,49772180.0,24779920.0
2021-03-01,28646219,514113,12809267.0,17374557.0,1822.0,8028.986221502375,76500069.08928572,103905.30809562282,159458776.0,2.190583364646069,"Moderna, Pfizer/BioNTech",76899987.0,50732997.0,25466405.0
2021-03-02,28705133,515647,12838330.0,17402740.0,1822.0,8044.689264749158,76500069.08928572,104314.70460969342,159458776.0,2.190583364646069,"Moderna, Pfizer/BioNTech",78631601.0,51755447.0,26162122.0
2021-03-03,28762174,517591,12869792.0,17424425.0,1822.0,8057.930512543981,76500069.08928572,104707.49473590609,159458776.0,2.190583364646069,"Moderna, Pfizer/BioNTech",80540474.0,52855579.0,26957804.0
2021-03-04,28829368,520085,12901387.0,17458678.0,1822.0,8075.873757941002,76500069.08928572,104957.49047199846,159458776.0,2.190583364646069,"Moderna, Pfizer/BioNTech",82572848.0,54035670.0,27795980.0
2021-03-05,28897366,522017,12946910.0,17451124.0,1822.0,8077.703799741778,76500069.08928572,105992.50945772334,159458776.0,2.190583364646069,"Johnson&Johnson, Moderna, Pfizer/BioNTech",85008094.0,55547697.0,28701201.0
2021-03-06,28963769,523795,12973561.0,17486227.0,1822.0,8094.399029255333,76500069.08928572,106471.70943114244,159458776.0,2.190583364646069,"Johnson&Johnson, Moderna, Pfizer/BioNTech",87912323.0,57358849.0,29776160.0
2021-03-07,29021964,525297,12973561.0,17546275.0,1822.0,8110.085201111438,76500069.08928572,106471.70943114244,159458776.0,2.190583364646069,"Johnson&Johnson, Moderna, Pfizer/BioNTech",90351750.0,58873710.0,30686881.0
2021-03-08,29062930,525979,12973561.0,17546275.0,1822.0,8129.398560113038,76500069.08928572,107120.32812475253,159458776.0,2.190583364646069,"Johnson&Johnson, Moderna, Pfizer/BioNTech",92089852.0,60005231.0,31493040.0
2021-03-09,29107944,526716,12973561.0,17546275.0,1822.0,8143.44677761185,76500069.08928572,108117.64870827219,159458776.0,2.190583364646069,"Johnson&Johnson, Moderna, Pfizer/BioNTech",93692598.0,61088527.0,32102061.0
2021-03-10,29165639,528515,12973561.0,17546275.0,1822.0,8149.182723695562,76500069.08928572,108081.53353436851,159458776.0,2.190583364646069,"Johnson&Johnson, Moderna, Pfizer/BioNTech",95721290.0,62451150.0,32904161.0
2021-03-11,29223578,530077,12973561.0,17546275.0,1822.0,8165.110315488007,76500069.08928572,108853.96256471085,159458776.0,2.190583364646069,"Johnson&Johnson, Moderna, Pfizer/BioNTech",98203893.0,64071674.0,33863127.0
2021-03-12,29285982,531640,12973561.0,17546275.0,1822.0,8203.5793926764,76500069.08928572,109094.18273038813,159458776.0,2.190583364646069,"Johnson&Johnson, Moderna, Pfizer/BioNTech",101128005.0,65965305.0,35000159.0
2021-03-13,29347186,533209,12973561.0,17546275.0,1822.0,8220.966757330732,76500069.08928572,109527.4702226095,159458776.0,2.190583364646069,"Johnson&Johnson, Moderna, Pfizer/BioNTech",105703501.0,68884011.0,36929777.0
2021-03-14,29400401,534942,12973561.0,17546275.0,1822.0,8234.161573712714,76500069.08928572,110047.20344255598,159458776.0,2.190583364646069,"Johnson&Johnson, Moderna, Pfizer/BioNTech",107060274.0,69784210.0,37459269.0
2021-03-15,29438623,535521,12973561.0,17546275.0,1822.0,8244.062478085381,76500069.08928572,108692.38886043073,159458776.0,2.190583364646069,"Johnson&Johnson, Moderna, Pfizer/BioNTech",109081860.0,71054445.0,38335432.0
2021-03-16,29495272,536266,12973561.0,17546275.0,1822.0,8261.210997717868,76500069.08928572,110703.45189991142,159458776.0,2.190583364646069,"Johnson&Johnson, Moderna, Pfizer/BioNTech",110737856.0,72135616.0,39042345.0
2021-03-17,29549212,537427,12973561.0,17546275.0,1822.0,8275.235124313514,76500069.08928572,110841.11829499896,159458776.0,2.190583364646069,"Johnson&Johnson, Moderna, Pfizer/BioNTech",113037627.0,73669956.0,39989196.0
2021-03-18,29608306,538606,12973561.0,17546275.0,1822.0,8291.16775306519,76500069.08928572,111559.12167614725,159458776.0,2.190583364646069,"Johnson&Johnson, Moderna, Pfizer/BioNTech",115730008.0,75495716.0,40981464.0
2021-03-19,29668807,540226,12973561.0,17546275.0,1822.0,8307.774074851373,76500069.08928572,111782.70481008121,159458776.0,2.190583364646069,"Johnson&Johnson, Moderna, Pfizer/BioNTech",118313818.0,77230061.0,41934629.0
2021-03-20,29730334,541321,12973561.0,17546275.0,1822.0,8325.670450341766,76500069.08928572,112256.8003657243,159458776.0,2.190583364646069,"Johnson&Johnson, Moderna, Pfizer/BioNTech",121441497.0,79367225.0,43036818.0
2021-03-21,29785783,542098,12973561.0,17546275.0,1822.0,8339.645797455241,76500069.08928572,112747.50356880286,159458776.0,2.190583364646069,"Johnson&Johnson, Moderna, Pfizer/BioNTech",124481412.0,81415769.0,44141228.0
2021-03-22,29819549,542545,12973561.0,17546275.0,1822.0,8349.123705996662,76500069.08928572,113025.08781877915,159458776.0,2.190583364646069,"Johnson&Johnson, Moderna, Pfizer/BioNTech",126509736.0,82772416.0,44910946.0
2021-03-23,29871116,543106,12973561.0,17546275.0,1822.0,8365.30016049158,76500069.08928572,113317.59745456486,159458776.0,2.190583364646069,"Johnson&Johnson, Moderna, Pfizer/BioNTech",128217029.0,83930495.0,45533962.0
2021-03-24,29924740,543952,12973561.0,17546275.0,1822.0,8379.887826119028,76500069.08928572,113728.13050078302,159458776.0,2.190583364646069,"Johnson&Johnson, Moderna, Pfizer/BioNTech",130473853.0,85472166.0,46365515.0
2021-03-25,30011687,545406,12973561.0,17546275.0,1822.0,8402.241829656426,76500069.08928572,114226.08977511103,159458776.0,2.190583364646069,"Johnson&Johnson, Moderna, Pfizer/BioNTech",133305295.0,87343622.0,47419832.0
2021-03-26,30079130,546964,12973561.0,17546275.0,1822.0,8421.184857607872,76500069.08928572,114603.56737057188,159458776.0,2.190583364646069,"Johnson&Johnson, Moderna, Pfizer/BioNTech",136684688.0,89559225.0,48695172.0
2021-03-27,30156469,548085,12973561.0,17546275.0,1822.0,8442.488180735412,76500069.08928572,114868.14505678834,159458776.0,2.190583364646069,"Johnson&Johnson, Moderna, Pfizer/BioNTech",140180735.0,91707729.0,50141769.0
2021-03-28,30218531,548826,12973561.0,17546275.0,1822.0,8458.152121922929,76500069.08928572,115701.42584961194,159458776.0,2.190583364646069,"Johnson&Johnson, Moderna, Pfizer/BioNTech",140180735.0,91707729.0,50141769.0
